Iteraci√≥n,Casilla_1,Casilla_2,Casilla_3,Casilla_4,Casilla_5,Casilla_6,Casilla_7,Casilla_8,Casilla_9,Casilla_10,Casilla_11,Casilla_12,Casilla_13,Casilla_14,Casilla_15,Casilla_16,Casilla_17,Casilla_18,Casilla_19,Casilla_20,Casilla_21,Casilla_22,Casilla_23,Casilla_24,Casilla_25,Casilla_26,Casilla_27,Casilla_28,Casilla_29,Casilla_30,Casilla_31,Casilla_32,Casilla_33,Casilla_34,Casilla_35,Casilla_36,Casilla_37,Casilla_38,Casilla_39,Casilla_40,Casilla_41,Casilla_42,Casilla_43,Casilla_44,Casilla_45,Casilla_46,Casilla_47,Casilla_48,Casilla_49,Casilla_50
0,0.02,0.02,0.02,0.02,0.02,0.02,0.02,0.02,0.02,0.02,0.02,0.02,0.02,0.02,0.02,0.02,0.02,0.02,0.02,0.02,0.02,0.02,0.02,0.02,0.02,0.02,0.02,0.02,0.02,0.02,0.02,0.02,0.02,0.02,0.02,0.02,0.02,0.02,0.02,0.02,0.02,0.02,0.02,0.02,0.02,0.02,0.02,0.02,0.02,0.02
1,0.07,0.0,0.003333333333333333,0.006666666666666666,0.01,0.0,0.013333333333333332,0.013333333333333332,0.016666666666666666,0.05,0.07333333333333333,0.016666666666666666,0.0,0.016666666666666666,0.056666666666666664,0.0,0.05,0.0,0.0,0.009999999999999998,0.009999999999999998,0.043333333333333335,0.0,0.043333333333333335,0.04666666666666666,0.016666666666666666,0.016666666666666666,0.016666666666666666,0.016666666666666666,0.05,0.02,0.02,0.02,0.02,0.02,0.0,0.05333333333333334,0.016666666666666666,0.016666666666666666,0.0,0.0,0.01,0.05333333333333334,0.013333333333333332,0.016666666666666666,0.0,0.02333333333333333,0.03,0.0,0.0
2,0.035,0.0,0.011666666666666667,0.012222222222222223,0.013333333333333334,0.0,0.015000000000000001,0.005555555555555555,0.007777777777777777,0.03333333333333333,0.04777777777777778,0.027777777777777776,0.0,0.028333333333333335,0.053888888888888896,0.0,0.049999999999999996,0.0,0.0,0.020555555555555556,0.019444444444444445,0.029444444444444447,0.0,0.025555555555555554,0.03333333333333333,0.025555555555555554,0.026666666666666665,0.027777777777777776,0.02333333333333333,0.04666666666666666,0.027222222222222224,0.02277777777777778,0.02333333333333333,0.02388888888888889,0.024444444444444442,0.0,0.052222222222222225,0.02222222222222222,0.021666666666666667,0.0,0.0,0.014444444444444446,0.04666666666666667,0.01611111111111111,0.018333333333333333,0.0,0.027222222222222224,0.03944444444444444,0.0,0.0
3,0.04092592592592593,0.0,0.005833333333333334,0.007777777777777778,0.009814814814814816,0.0,0.012037037037037039,0.008703703703703703,0.00962962962962963,0.035648148148148144,0.03824074074074074,0.018240740740740738,0.0,0.02037037037037037,0.05222222222222222,0.0,0.05092592592592592,0.0,0.0,0.022037037037037036,0.02074074074074074,0.03509259259259259,0.0,0.02361111111111111,0.03175925925925926,0.021388888888888888,0.02222222222222222,0.023425925925925926,0.023148148148148143,0.04907407407407406,0.03055555555555555,0.029537037037037035,0.02907407407407407,0.02851851851851852,0.027870370370370372,0.0,0.05212962962962963,0.024444444444444442,0.02435185185185185,0.0,0.0,0.01601851851851852,0.041296296296296296,0.0175,0.019537037037037037,0.0,0.029537037037037035,0.04675925925925926,0.0,0.0
4,0.04510802469135802,0.0,0.006820987654320988,0.00779320987654321,0.009089506172839507,0.0,0.010725308641975309,0.005910493827160494,0.007361111111111112,0.03162037037037037,0.04092592592592592,0.01737654320987654,0.0,0.018410493827160493,0.05279320987654321,0.0,0.047283950617283944,0.0,0.0,0.020586419753086418,0.020864197530864194,0.03708333333333333,0.0,0.023703703703703703,0.03263888888888889,0.02220679012345679,0.022098765432098766,0.02234567901234568,0.020401234567901234,0.04484567901234567,0.028503086419753083,0.028302469135802463,0.02966049382716049,0.030802469135802465,0.031651234567901226,0.0,0.05171296296296296,0.027854938271604936,0.02700617283950617,0.0,0.0,0.016820987654320985,0.0399074074074074,0.017685185185185186,0.019783950617283948,0.0,0.030493827160493824,0.051820987654320985,0.0,0.0
5,0.048135288065843614,0.0,0.007518004115226337,0.008654835390946502,0.009953703703703704,0.0,0.011468621399176955,0.005738168724279836,0.006723251028806584,0.029457304526748967,0.039272119341563785,0.016090534979423865,0.0,0.01719907407407407,0.05157664609053497,0.0,0.048199588477366245,0.0,0.0,0.019747942386831273,0.020110596707818926,0.037826646090534974,0.0,0.024557613168724277,0.03273919753086419,0.022479423868312753,0.022749485596707815,0.022955246913580245,0.02049897119341564,0.04364711934156379,0.027422839506172837,0.0267335390946502,0.027749485596707816,0.029009773662551436,0.03041923868312757,0.0,0.05167438271604937,0.028688271604938264,0.02861368312757201,0.0,0.0,0.01776234567901234,0.039552469135802466,0.018598251028806582,0.020200617283950617,0.0,0.030946502057613165,0.055329218106995884,0.0,0.0
6,0.04891332304526748,0.0,0.008022548010973934,0.009275548696844991,0.010718021262002742,0.0,0.012376971879286693,0.006265860768175583,0.007222222222222222,0.02926740397805212,0.03956018518518518,0.01544324417009602,0.0,0.016213563100137173,0.04895404663923182,0.0,0.0481275720164609,0.0,0.0,0.01949588477366255,0.019920696159122078,0.03790895061728394,0.0,0.025324502743484217,0.03305941358024691,0.02249699931412894,0.022952246227709187,0.023392061042524,0.020913494513031546,0.0438258744855967,0.02751157407407407,0.02662551440329218,0.027334533607681753,0.02816786694101509,0.029176954732510287,0.0,0.049155092592592584,0.0275977366255144,0.027923525377229075,0.0,0.0,0.018162722908093273,0.03924811385459533,0.01910279492455418,0.020787894375857336,0.0,0.031492198216735254,0.05806284293552812,0.0,0.0
7,0.04857781778692272,0.0,0.00815222050754458,0.009489311842706901,0.0110352366255144,0.0,0.012821573502514855,0.0067321816415180594,0.007776491769547323,0.02909950845907636,0.04003615112025605,0.0157821073388203,0.0,0.016293152720621852,0.048391489483310464,0.0,0.0481441472336534,0.0,0.0,0.018882530292638318,0.019429583904892543,0.03689957704618198,0.0,0.02570916209419295,0.03332526005944215,0.022618241312299947,0.023118427069044344,0.023623685413808868,0.021204203818015542,0.04357231652949245,0.02777334819387288,0.026848708276177406,0.02753679412437128,0.028267175354366708,0.02906314300411522,0.0,0.04804248113854595,0.026743327046181983,0.026905364083219016,0.0,0.0,0.017446059099222675,0.03882916095107452,0.018822016460905346,0.020870841906721532,0.0,0.031963020118884314,0.060174182670324636,0.0,0.0
8,0.04847525863054411,0.0,0.008096302964487118,0.009455006382411214,0.011036558356195698,0.0,0.012875764460448098,0.006916390413046788,0.008038420686633132,0.02941094869303459,0.03989977471040999,0.016077651082152106,0.0,0.016571073388203014,0.04867481614845297,0.0,0.048527020461819836,0.0,0.0,0.018804798239597617,0.019236361168267026,0.0362017627838744,0.0,0.025411046334400236,0.03281482195930498,0.02237435223289132,0.02299697073616826,0.02361177793019356,0.021399129324798042,0.04373796153406491,0.027910355700350546,0.026985037056089005,0.027690114883401916,0.02842650939262307,0.029200424382716042,0.0,0.04818192967916475,0.026626383649596092,0.02660882011126352,0.0,0.0,0.01694852871132449,0.03856420753315042,0.01832065186328303,0.020478907083523845,0.0,0.03197618979576283,0.06143797153635115,0.0,0.0
9,0.04854296458238072,0.0,0.008079209771757351,0.00942859359917187,0.011004427996240407,0.0,0.01284385438893969,0.006910605360590355,0.008063337096098152,0.029695450229893807,0.039920547315576885,0.016190216493928766,0.0,0.016723864264212768,0.048991378584946385,0.0,0.04866687385688155,0.0,0.0,0.018962151666412637,0.01933443914164507,0.036197622948737476,0.0,0.02521767475422953,0.032327710619570175,0.022078131747574038,0.02267305741312299,0.023299825674439865,0.02120149486549306,0.043730168086038704,0.027822502286236846,0.027005091243077775,0.02777353871361072,0.028555729404816328,0.02935818464855458,0.0,0.04847445090623887,0.02674733589899913,0.02668756033125031,0.0,0.0,0.016902855573337393,0.03859743536617892,0.018124656667555753,0.020153519217090885,0.0,0.03170681076309505,0.062006728522074867,0.0,0.0
10,0.048635829393279296,0.0,0.008090494097063453,0.009437029059023012,0.011008461325551657,0.0,0.012842532658258392,0.006892680959351553,0.008044448519449946,0.02980385860683499,0.04003695454463664,0.016238965731849814,0.0,0.016796692749347992,0.04913977163034089,0.0,0.048735859532443374,0.0,0.0,0.01906368611767345,0.019436734018040094,0.03637183274166369,0.0,0.02525823495105759,0.03224839255586461,0.02200659985509915,0.022525929868626046,0.0230823662472057,0.020932733368156098,0.043530001963411724,0.0275517314010398,0.02680086334548425,0.02762202326140154,0.02847210347814949,0.02934808743321224,0.0,0.04867275053080915,0.026861165819383047,0.026818206595369938,0.0,0.0,0.01698489118941472,0.03873936893247556,0.01815586452829429,0.020077671192568876,0.0,0.03148314985224135,0.06225203194592624,0.0,0.0
11,0.04869017189599244,0.0,0.008105971565546549,0.009454387248390457,0.011027225424894293,0.0,0.012861968979152903,0.006896419523316086,0.00804519968320801,0.029856073694269437,0.0401393206454244,0.016270079214755255,0.0,0.016836151393687156,0.04904095517246974,0.0,0.04882007851794694,0.0,0.0,0.019112053985355378,0.019489886213409618,0.03648941500782188,0.0,0.02534067779204911,0.032348047278531376,0.022063146730716573,0.022553632353620855,0.02306849832871851,0.020853587246308848,0.043454430126356906,0.027387670643060552,0.026604893783923084,0.027403937698987267,0.028253286597783187,0.029151576136273817,0.0,0.048635175363716275,0.026819304674842774,0.026829355087159244,0.0,0.0,0.017058687157593688,0.03886607585922637,0.01823393875610721,0.02012933373968723,0.0,0.03140120756657958,0.06240817891311662,0.0,0.0
12,0.04864355947254432,0.0,0.008115028649332072,0.009466023910256497,0.011041755118321573,0.0,0.012879626022470623,0.006908258869664032,0.008057662123550047,0.029875410859636804,0.0402147488208945,0.01629983042089514,0.0,0.01686784879349553,0.048900436602954844,0.0,0.04888754021017559,0.0,0.0,0.019116197514017302,0.019495514612628675,0.036476238329784,0.0,0.0253948518902351,0.03245334475187508,0.022130013379527892,0.022621862170421426,0.023132486527123297,0.02089566708060607,0.043487462469008184,0.02739022367737551,0.026563494238130373,0.027320452080331455,0.028128836304559195,0.02899296768273664,0.0,0.04849065749677231,0.026674811596780604,0.026710546745267218,0.0,0.0,0.01704730585428638,0.03890193067057301,0.01826223712980368,0.020186231766628957,0.0,0.03141527636872554,0.06255365978861009,0.0,0.0
13,0.048569204146647366,0.0,0.00810725991209072,0.009459764686979398,0.011037435338688813,0.0,0.012877727858409075,0.006917072283396794,0.008068448761674132,0.029884830345297313,0.04023029385546549,0.016322617782702668,0.0,0.016892651849106752,0.04886648957843557,0.0,0.04893370006043021,0.0,0.0,0.019109304267770993,0.01948402905452462,0.03639470597639639,0.0,0.02539238626781407,0.03248008462799285,0.02215602451642336,0.022658327160675125,0.023179385086973918,0.020955426453197132,0.04354734190106914,0.027453472729760328,0.02660961921734373,0.027348532693777475,0.028131631012095815,0.0289643559750018,0.0,0.048425708246835,0.026582734633754993,0.026601287526863367,0.0,0.0,0.016979335973136687,0.03885980980170294,0.018222432477817865,0.02018470869442654,0.0,0.03144058908791144,0.06267127015740964,0.0,0.0
14,0.04853745296868607,0.0,0.00809486735777456,0.009446077343123013,0.011022704790952912,0.0,0.012862277347401047,0.0069136979660280005,0.008066543346594133,0.029895984699970565,0.04021274301553928,0.016329728850707135,0.0,0.016903877171422735,0.0489089660205491,0.0,0.04894847721416315,0.0,0.0,0.019115473581328753,0.019484915651106126,0.03635018662753016,0.0,0.025360283897183047,0.032437785418931685,0.022143418365749817,0.022651205073858545,0.023180254758216966,0.02097770127664655,0.04358574593350816,0.027496098291055253,0.02665832964134983,0.02740059542483656,0.028182296347020283,0.029007670667873936,0.0,0.048450749173164484,0.026579974524175633,0.02657549376024418,0.0,0.0,0.016934955067908892,0.038815009544589246,0.018170527989243,0.020141262412324567,0.0,0.031428009035136394,0.06272865944410567,0.0,0.0
15,0.04854410722554802,0.0,0.008089575494781011,0.009438720054410104,0.01101306627826394,0.0,0.012850183743422759,0.006904321139875255,0.008056604134213255,0.029900391675156873,0.04019961903229348,0.016325207729255505,0.0,0.01690311631313985,0.04895660223164631,0.0,0.04893979724726952,0.0,0.0,0.01912688673435583,0.01949548613600683,0.036360459095342704,0.0,0.025341946386750264,0.0323954357952023,0.022124774196013296,0.022629431660083472,0.02315714656387554,0.02096215791899001,0.0435853281994536,0.027496018471151955,0.02667240394983922,0.027424889162439216,0.028216454220935553,0.02905012781906944,0.0,0.048499381688387445,0.02661660687570751,0.026603547689511814,0.0,0.0,0.016934369576264048,0.03880369129195556,0.018150905482819658,0.020106208129051645,0.0,0.03139096368657915,0.06273406697093746,0.0,0.0
16,0.04856137709383328,0.0,0.008090684537591337,0.009438947120054839,0.01101206712912319,0.0,0.012847578175500514,0.006898590928479635,0.008049311118458843,0.029897936478582746,0.040198550568242494,0.016318519954160268,0.0,0.016897690618465726,0.04897169345115798,0.0,0.048928396811279765,0.0,0.0,0.019133252632009278,0.019503881035545276,0.03638863903171806,0.0,0.025344716836451404,0.03238665880542442,0.02212003569127632,0.022619683601552566,0.02314200785556534,0.020941455766987478,0.04356840138549509,0.02747571238893637,0.026659142834927978,0.027417081127232297,0.028216324044291592,0.029059541987134924,0.0,0.04852413843415457,0.026643876140111815,0.026634576627756527,0.0,0.0,0.016953256042267793,0.038815038880681316,0.018159702572239818,0.02009978702826712,0.0,0.03136134425663806,0.06272040100840331,0.0,0.0
17,0.04856994868316629,0.0,0.008093562848972212,0.009442010271904102,0.011015168125246576,0.0,0.012850512646767107,0.00689821282704498,0.008047977981791587,0.029893799217780122,0.040203505072421764,0.016315327878210707,0.0,0.016893818174653998,0.04895970208432139,0.0,0.04892378805637601,0.0,0.0,0.019132963480150575,0.019505557149074502,0.036404610611332024,0.0,0.02535480809664588,0.03239971234319668,0.022126191390191407,0.022623988566735913,0.023143288994403793,0.020935517131711674,0.043558723239693495,0.027463040517716867,0.02664454944830219,0.027401067305577467,0.02820063355985742,0.02904635292464513,0.0,0.04851869890885539,0.026646038071290228,0.0266434936221542,0.0,0.0,0.016967098533670486,0.03882772241128586,0.018174457948469572,0.020110393525202094,0.0,0.031351969548895034,0.06271178880228456,0.0,0.0
18,0.0485673044852756,0.0,0.008094991447194382,0.00944391858868975,0.011017586967340435,0.0,0.012853448321548198,0.006900208982148332,0.00804991111998916,0.029891086341052742,0.04020708979645496,0.01631566795763426,0.0,0.01689313716287486,0.048944799220108456,0.0,0.04892478090762416,0.0,0.0,0.019129551385891896,0.01950274227014133,0.03640281536875767,0.0,0.02536063686164105,0.0324129352926385,0.022132941946733275,0.022631813265073415,0.023151551834683648,0.020941331565195613,0.04356013580637278,0.027464570277655493,0.026641791640075525,0.02739485131642732,0.028191031106234245,0.029033921867143184,0.0,0.04850363269724784,0.026635217024539602,0.02663546512837094,0.0,0.0,0.016968038433716637,0.03883077745999776,0.018180725439733463,0.0201205276734637,0.0,0.031355930177552185,0.06271313286277688,0.0,0.0
19,0.048561597329510334,0.0,0.008094550747545934,0.009443715988744997,0.011017702420193289,0.0,0.012853966914750027,0.0069016575541287935,0.008051692384486848,0.029890576537992933,0.04020657269162825,0.016316957426865564,0.0,0.01689399403287991,0.048940532398652425,0.0,0.04892696462509942,0.0,0.0,0.01912711954843458,0.01949985525227075,0.03639421854682649,0.0,0.02535981841888184,0.03241596914889058,0.022134780196511737,0.0226353452899853,0.023156857122473985,0.020948313200128313,0.043565654676095494,0.02747178495178287,0.0266470574492857,0.02739853239817608,0.02819237207340173,0.02903228528532683,0.0,0.04849632444761018,0.02662753810452135,0.026626442335265364,0.0,0.0,0.01696238580835973,0.038826627633783785,0.018178249674437486,0.020122589022547082,0.0,0.031361309923261346,0.06271808843926188,0.0,0.0
20,0.04855919988427221,0.0,0.008093599554918389,0.009442691346176044,0.011016644010966877,0.0,0.01285292774766576,0.006901656011872374,0.00805193227089384,0.029891197290966877,0.04020422518561558,0.01631741101383114,0.0,0.016894576099183732,0.0489445799846537,0.0,0.04892748687388628,0.0,0.0,0.01912691517610529,0.01949910276203107,0.036389421599754744,0.0,0.025356459972254393,0.03241181065092363,0.022132830152550707,0.02263410692723023,0.02315668860018266,0.02095046169612391,0.043568762405583925,0.02747615327234757,0.026652122572829617,0.027404168781625278,0.028198033299657074,0.029037285791478365,0.0,0.04849844420766538,0.026627761942300085,0.026624508718172693,0.0,0.0,0.01695838414789948,0.03882235236760151,0.018173832313655037,0.02011938241239891,0.0,0.03136229698481868,0.06272058596990615,0.0,0.0
21,0.04856035527334206,0.0,0.008093199980712035,0.0094421332398651,0.01101591513089444,0.0,0.012852022466055588,0.006900977109954512,0.00805125311193324,0.02989165089318829,0.04020274727140255,0.01631698975116907,0.0,0.0168944036288633,0.048949311330668835,0.0,0.04892654038861073,0.0,0.0,0.019127773826287286,0.019499830339107543,0.036390250911939856,0.0,0.02535459572237077,0.03240764179195007,0.022130618360178187,0.022631604189585756,0.023154104883785616,0.020948649383856936,0.04356816682616487,0.02747577673876584,0.02665316717566983,0.027406382579049652,0.028201392888115493,0.029041617004694563,0.0,0.04850329221536483,0.02663167577554262,0.026627615670454362,0.0,0.0,0.016958452478023026,0.038821408089480536,0.018172167862662292,0.020116409993287933,0.0,0.03136014036600183,0.0627197653509997,0.0,0.0
22,0.04856234618785393,0.0,0.008093392545557009,0.009442259209009015,0.011015948082319864,0.0,0.012851933937468937,0.006900545136254527,0.008050707987913613,0.0298915910263358,0.040202761575218925,0.016316441808755695,0.0,0.01689393635627461,0.048950591311502784,0.0,0.04892555727408934,0.0,0.0,0.019128375891357144,0.019500604257594475,0.03639305753667699,0.0,0.025354909783691384,0.03240681487052654,0.02213001543194259,0.022630489520924404,0.02315245182933744,0.02094642749131173,0.04356624494664503,0.02747346423925357,0.026651486730389536,0.027405244866304808,0.028201041264548792,0.029042255931937103,0.0,0.048505573210264566,0.026634308643815725,0.026630726743794526,0.0,0.0,0.016960430610226968,0.03882277945718134,0.018173192002250087,0.020116009015651356,0.0,0.03135814325357654,0.0627179400322424,0.0,0.0
23,0.04856319834968018,0.0,0.008093724364642322,0.009442623122235157,0.011016332990403326,0.0,0.012852324337456636,0.0069005889623924704,0.00805067981843489,0.029891320183931393,0.04020344455297743,0.016316256610531966,0.0,0.016893674589079758,0.048949196122262915,0.0,0.04892529913544229,0.0,0.0,0.019128347490311122,0.019500754079491544,0.03639456699214215,0.0,0.025355997285061403,0.032408226425771625,0.022130627056641088,0.02263090031340533,0.02315254785729365,0.020945780239403723,0.0435651989782668,0.02747207401511462,0.026649848909902463,0.02740342745964362,0.02819922001720702,0.029040651589742245,0.0,0.04850480251842027,0.026634267000574134,0.026631403986145163,0.0,0.0,0.016961768099645804,0.03882417011334154,0.018174707575836425,0.020117189638184044,0.0,0.03135780680767323,0.06271705241130932,0.0,0.0
24,0.048562850257515305,0.0,0.008093866391613363,0.009442820452387084,0.01101659097275961,0.0,0.012852646471160165,0.006900834135789572,0.008050932296188317,0.029891162614706562,0.04020390205661433,0.01631639297586547,0.0,0.016893715021378024,0.04894763278747203,0.0,0.04892558307019944,0.0,0.0,0.019128028307797494,0.019500473791336053,0.03639425430002112,0.0,0.0253565912314843,0.032409583545669,0.022131315378796305,0.022631695306517968,0.023153386345503596,0.02094638315636218,0.04356537483739363,0.0274722134784637,0.026649521410020867,0.027402725052231097,0.028198146243270814,0.02903925826992304,0.0,0.04850318567506557,0.026632991749152603,0.02663039476426455,0.0,0.0,0.016961745584189926,0.038824476011751693,0.018175268199951106,0.02011820656885883,0.0,0.03135854264167125,0.06271730864665305,0.0,0.0
25,0.048562217126468465,0.0,0.008093808376252551,0.009442786108188111,0.011016589516919292,0.0,0.012852688012379227,0.006900987381320037,0.008051126403951631,0.029891191363866615,0.04020389270291227,0.016316579595743157,0.0,0.016893870679860708,0.04894722404267598,0.0,0.04892590748503596,0.0,0.0,0.019127821813174913,0.019500207360911494,0.03639331927128979,0.0,0.025356480745571675,0.03240984066589842,0.022131488529384662,0.02263203637455113,0.02315390662708145,0.020947095301328527,0.043565980973897134,0.02747295642837378,0.026650061417172896,0.027403095755710323,0.028198267379995846,0.02903906069629038,0.0,0.04850244498499099,0.026632139441751898,0.02662938449827385,0.0,0.0,0.01696109536474712,0.038824031387166176,0.018174934684893125,0.020118348521502682,0.0,0.03135922071496088,0.06271791226550583,0.0,0.0
26,0.04856195219802758,0.0,0.008093702854411411,0.00944267091712017,0.011016468601818189,0.0,0.012852566854638071,0.00690097866895653,0.00805114323250987,0.029891293204345682,0.04020367595588624,0.01631664764407163,0.0,0.016893962907965618,0.04894768056629578,0.0,0.048926002432536794,0.0,0.0,0.019127833701262108,0.019500158890147806,0.036392827713404914,0.0,0.025356124928867435,0.03240937319154283,0.02213127830947438,0.022631889428842672,0.023153860931115947,0.020947292157081222,0.04356630840856475,0.027473391412023554,0.02665057737243611,0.02740367285373415,0.028198849417260682,0.02903957620941308,0.0,0.04850270001043365,0.026632155039026738,0.026629168043123236,0.0,0.0,0.01696066148750279,0.03882358829165613,0.01817444178198984,0.020117965742763824,0.0,0.03135934535053196,0.06271821328921555,0.0,0.0
27,0.048562069147293094,0.0,0.008093658699671262,0.009442609175406498,0.011016387661593192,0.0,0.012852465761896224,0.0069009015379979735,0.008051064649490729,0.029891353637652107,0.04020353758294126,0.016316609652722733,0.0,0.01689395645096166,0.04894818310303523,0.0,0.04892592025506276,0.0,0.0,0.019127940984466366,0.01950025278334911,0.03639293238765723,0.0,0.025355935812698696,0.03240893375626581,0.02213105307087085,0.022631627172239557,0.023153582262022035,0.020947087798307208,0.04356624414228711,0.0274733337377703,0.02665067010785042,0.027403886618344045,0.028199183855825958,0.029040015270183413,0.0,0.04850322125723875,0.026632562643879608,0.02662949225497805,0.0,0.0,0.0169606705154306,0.03882349835674907,0.01817426214355148,0.0201176375578393,0.0,0.03135911555925141,0.06271814263521779,0.0,0.0
28,0.04856227219632762,0.0,0.008093678191215516,0.009442621307827392,0.011016389503728475,0.0,0.012852454113994008,0.006900853549761195,0.00805100380609419,0.029891349708027832,0.040203548134409794,0.016316553861663047,0.0,0.0168939111768008,0.048948309284338284,0.0,0.048925823840378316,0.0,0.0,0.01912800996817661,0.019500340723760723,0.03639323424152634,0.0,0.025355975139906124,0.03240885509029031,0.0221309992874062,0.022631517968473614,0.023153413699955355,0.020946855345682823,0.0435660466135773,0.027473088033665424,0.026650488030582842,0.027403757536746107,0.02819913411109685,0.029040067710064173,0.0,0.04850345500288118,0.02663282951824043,0.02662981160757863,0.0,0.0,0.0169608793593494,0.038823646582371335,0.01817437062850622,0.02011759347142475,0.0,0.031358902541887446,0.06271795911228217,0.0,0.0
29,0.0485623539506603,0.0,0.00809371203272127,0.009442658397923855,0.011016428615895087,0.0,0.012852493533183166,0.006900857186127565,0.008050999444421097,0.029891320074097616,0.040203621941962545,0.01631653488538117,0.0,0.016893884843326008,0.04894815812045472,0.0,0.04892579913228064,0.0,0.0,0.019128007383586235,0.01950035718214887,0.036393389728513345,0.0,0.025356091022093775,0.032409008352503585,0.02213106919394335,0.022631567413814946,0.023153430287933763,0.020946793531005266,0.043565943472205305,0.0274729480008976,0.026650320158126788,0.02740356828198956,0.028198941543368307,0.02903989494522522,0.0,0.04850336793123252,0.026632817065228524,0.026629873979838122,0.0,0.0,0.01696101602145004,0.03882378977699995,0.018174527844589963,0.02011771694153839,0.0,0.03135886627788567,0.06271787150544464,0.0,0.0
30,0.04856231300572522,0.0,0.008093725658443383,0.009442677663896927,0.011016454063550903,0.0,0.012852525499533416,0.006900882096620563,0.008051024960975156,0.029891302359832214,0.04020366770515232,0.016316548696631995,0.0,0.01689388892199833,0.04894799626516687,0.0,0.048925828689597176,0.0,0.0,0.019127973682676894,0.01950032743938693,0.03639335293659002,0.0,0.02535615121524149,0.032409149316820096,0.022131142278140968,0.022631652579867153,0.0231535209518115,0.020946861045048233,0.04356596698289268,0.0274729687085677,0.026650291983300038,0.02740350047733061,0.02819883395535971,0.029039752497932135,0.0,0.04850319879913825,0.02663268214332373,0.02662976496117402,0.0,0.0,0.016961009829383193,0.03882381701048706,0.018174582807252773,0.020117820760736076,0.0,0.031358941569705895,0.06271790048070709,0.0,0.0
31,0.04856224632922161,0.0,0.008093718834287536,0.009442673110694766,0.011016452721344255,0.0,0.012852528398602738,0.006900897147570771,0.008051044163674198,0.029891304476328553,0.04020366412241475,0.01631656710368561,0.0,0.01689390430320204,0.048947957874995486,0.0,0.04892586070297307,0.0,0.0,0.01912795231279373,0.01950029977290682,0.03639325470220485,0.0,0.02535613740837838,0.032409172613625734,0.02213115909845257,0.022631687197696582,0.023153574721109953,0.020946936056980198,0.04356603187728196,0.027473048859096773,0.026650352091054708,0.027403543708581217,0.02819885169149179,0.02903973719208316,0.0,0.04850312526187865,0.02663259628551012,0.02662966131218074,0.0,0.0,0.01696094098393933,0.03882376784196081,0.018174545657394667,0.020117832561505518,0.0,0.0313590091861628,0.06271796231673223,0.0,0.0
32,0.048562220244156615,0.0,0.008093707721536935,0.009442660860584857,0.011016439712367317,0.0,0.012852515165924693,0.006900895510821549,0.008051045035416676,0.029891314254457155,0.0402036401212701,0.016316573051431835,0.0,0.016893912835612312,0.048948008264815795,0.0,0.048925868494675645,0.0,0.0,0.019127953813528432,0.01950029514846038,0.036393205473387716,0.0,0.025356099630575592,0.03240912187351402,0.022131136134984915,0.02263167059926139,0.023153568503393018,0.020946955173210532,0.04356606499623566,0.027473093594191166,0.026650406301769673,0.027403605133870027,0.028198914552350796,0.029039794047414438,0.0,0.048503155237155676,0.02663260165751492,0.02662964235659082,0.0,0.0,0.016960897143261586,0.03882372154263091,0.018174494403931832,0.020117791392830178,0.0,0.03135901910054812,0.06271799091631533,0.0,0.0
33,0.04856223394410868,0.0,0.008093703374026102,0.009442654660948924,0.0110164314710464,0.0,0.012852504756440952,0.0069008872434023,0.008051036495205891,0.029891319821941778,0.040203625475532696,0.016316568347981696,0.0,0.01689391132889955,0.048948060654003304,0.0,0.04892585860489773,0.0,0.0,0.01912796493251729,0.01950030509550331,0.036393218459223386,0.0,0.025356080495670376,0.03240907642476777,0.02213111265657769,0.022631643043487103,0.023153538951953937,0.020946932790288152,0.04356605691834053,0.02747308621343325,0.02665041483354611,0.027403626528010237,0.02819894895044501,0.029039839958604638,0.0,0.04850321035953054,0.026632645878760103,0.026629678438050974,0.0,0.0,0.016960899875210236,0.03882371325564083,0.018174477116666372,0.020117757806540886,0.0,0.03135899363071648,0.06271798120807731,0.0,0.0
34,0.04856225555789871,0.0,0.008093705657351447,0.00944265621968913,0.011016431996513951,0.0,0.012852503908355017,0.006900882377077063,0.008051030250977446,0.02989131892713779,0.04020362680404795,0.016316562298753935,0.0,0.016893906230677394,0.0489480724786569,0.0,0.048925848137343186,0.0,0.0,0.01912797176463343,0.019500314031903054,0.036393250544644096,0.0,0.025356085322895683,0.03240906950616211,0.02213110756794702,0.022631632188623754,0.023153521846621054,0.02094690859540948,0.04356603582509093,0.027473060130902532,0.02665039509568011,0.027403612125174844,0.028198942705928702,0.02903984437234388,0.0,0.04850323368539971,0.026632673438356087,0.026629711945891754,0.0,0.0,0.016960922446056934,0.038823729448676195,0.018174489574610358,0.02011775441535155,0.0,0.03135897149103463,0.06271796108618066,0.0,0.0
35,0.048562263785849547,0.0,0.008093709259649785,0.009442660202541694,0.011016436239156548,0.0,0.01285250823857554,0.0069008829636515905,0.008051030026497766,0.029891315649674004,0.04020363458274728,0.016316560377932544,0.0,0.016893903442999028,0.04894805579445258,0.0,0.04892584563799826,0.0,0.0,0.019127971141112914,0.01950031539677225,0.03639326622931185,0.0,0.025356097628772303,0.03240908625812855,0.022131115195039727,0.022631637828925327,0.023153524188378776,0.02094690273870827,0.04356602531238943,0.02747304592164239,0.02665037769243246,0.027403592280387974,0.028198922269813156,0.02903982574636443,0.0,0.04850322352821734,0.026632671330754542,0.026629717721200534,0.0,0.0,0.016960936511607926,0.03882374434700895,0.018174506213163494,0.020117767971764462,0.0,0.03135896839296649,0.06271795195340872,0.0,0.0
36,0.048562259187942186,0.0,0.008093710630974924,0.009442662174249888,0.011016438874673504,0.0,0.012852511581199596,0.006900885656653928,0.008051032817262526,0.029891313820634254,0.04020363921810004,0.01631656191019103,0.0,0.0168939039334172,0.04894803888381341,0.0,0.04892584884607392,0.0,0.0,0.019127967479241642,0.019500312095593955,0.036393261750403375,0.0,0.025356103709065762,0.032409100906585685,0.022131122775682972,0.022631646784670778,0.02315353385669629,0.020946910183207445,0.043566028118900466,0.027473048586928346,0.026650375197513985,0.02740358561374611,0.02819891135565655,0.02903981103589561,0.0,0.04850320562640764,0.026632656919535893,0.02662970585925624,0.0,0.0,0.016960935430028735,0.03882374682180984,0.01817451165176199,0.020117778794124228,0.0,0.031358976703740715,0.0627179552083577,0.0,0.0
37,0.04856225219245609,0.0,0.008093709864657031,0.009442661636486185,0.011016438665527832,0.0,0.01285251181130675,0.006900887210182985,0.008051034819625305,0.029891314112922496,0.040203638684946474,0.016316563848975056,0.0,0.016893905570473627,0.048948035268041014,0.0,0.04892585218755269,0.0,0.0,0.01912796527721742,0.019500309201521494,0.03639325131033415,0.0,0.02535610203217991,0.032409102955338255,0.022131124323481736,0.02263165020622196,0.023153539321068096,0.020946918005450246,0.043566034979868905,0.027473057104290606,0.026650381717681047,0.027403590454652883,0.028198913592832102,0.029039809842658814,0.0,0.04850319825931609,0.026632648138203315,0.026629695091873632,0.0,0.0,0.016960928067533295,0.038823741473211645,0.018174507505105117,0.02011777975949684,0.0,0.03135898380149116,0.06271796170581605,0.0,0.0
38,0.04856224961613218,0.0,0.008093708698742682,0.009442660342852186,0.01101643728226655,0.0,0.012852510393187857,0.006900886996329632,0.008051034864693463,0.02989131516969524,0.040203636131441206,0.016316564439830667,0.0,0.016893906446108716,0.04894804078815455,0.0,0.04892585293625949,0.0,0.0,0.019127965504344556,0.01950030878880185,0.03639324633305724,0.0,0.025356098024700034,0.03240909743776665,0.022131121796098538,0.022631648303809256,0.02315353847125933,0.020946919806381657,0.04356603831163459,0.027473061631904865,0.026650387323396925,0.027403596889096805,0.028198920263835293,0.02903981597579596,0.0,0.048503201699579016,0.02663264897785682,0.0266296933812772,0.0,0.0,0.016960923581565503,0.03882373667414756,0.018174502128470313,0.020117775316203422,0.0,0.03135898470163673,0.0627179645716837,0.0,0.0
39,0.04856225116938974,0.0,0.008093708269355362,0.00944265971914581,0.011016436442954507,0.0,0.012852509323332265,0.0069008861195082125,0.008051033952229817,0.029891315748280516,0.040203634647461337,0.01631656392589123,0.0,0.016893906266998365,0.048948046241238954,0.0,0.04892585186627947,0.0,0.0,0.019127966695087123,0.019500309871459766,0.03639324787731915,0.0,0.025356096094366207,0.03240909272521508,0.02213111934811172,0.022631645396737385,0.023153535315905284,0.020946917338938966,0.0435660373350897,0.027473060687825002,0.026650388053514704,0.027403598974731103,0.028198923738945694,0.029039820704375024,0.0,0.0485032075098767,0.026632653691950666,0.026629697301027315,0.0,0.0,0.016960924009785504,0.038823735939242765,0.018174500435807844,0.020117771846943997,0.0,0.03135898196754949,0.06271796344812638,0.0,0.0
40,0.048562253440767186,0.0,0.008093708528231623,0.009442659906457518,0.011016436526315152,0.0,0.01285250926680757,0.0069008856257979905,0.008051033312382692,0.029891315642929767,0.04020363484430676,0.01631656329846869,0.0,0.016893905732228518,0.04894804733922374,0.0,0.04892585078654339,0.0,0.0,0.019127967395752798,0.019500310800434257,0.036393251273342676,0.0,0.02535609667411858,0.03240909212833539,0.022131118877241222,0.02263164431941199,0.023153533573624922,0.020946914813389277,0.043566035098965235,0.02747305790999969,0.026650385903768007,0.027403597354668505,0.028198922951000793,0.029039821021507525,0.0,0.04850320983154366,0.0266326564969072,0.026629700769979864,0.0,0.0,0.016960926417142447,0.038823737704890594,0.018174501823667706,0.02011777158880124,0.0,0.031358979689071434,0.06271796133197252,0.0,0.0
41,0.04856225425074199,0.0,0.00809370890679453,0.009442660328166467,0.01101643697924272,0.0,0.012852509733628578,0.006900885704635311,0.008051033308934976,0.029891315299037543,0.04020363567851225,0.016316563115370795,0.0,0.016893905453980985,0.04894804551170437,0.0,0.04892585055877187,0.0,0.0,0.01912796730966594,0.01950031092025332,0.036393252850444785,0.0,0.0253560979785502,0.03240909394635838,0.022131119711997285,0.02263164495891202,0.023153533878741642,0.020946914262122016,0.043566034040686166,0.027473056468494673,0.026650384098772052,0.027403595269859853,0.02819892077573594,0.029039819005298582,0.0,0.04850320866635033,0.026632656177081413,0.026629701275937945,0.0,0.0,0.016960927849738454,0.038823739251044445,0.01817450356482002,0.020117773050746975,0.0,0.031358979433619386,0.06271796042524391,0.0,0.0
42,0.04856225372913908,0.0,0.008093709041790331,0.009442660526256086,0.011016437247617163,0.0,0.01285251007749095,0.006900885991305381,0.008051033608744599,0.029891315115739343,0.0402036361525595,0.01631656328745811,0.0,0.016893905517748477,0.0489480437524473,0.0,0.048925850914173855,0.0,0.0,0.019127966920742867,0.019500310563357028,0.03639325231889323,0.0,0.02535609859088496,0.032409095462544016,0.02213112050087877,0.022631645901267327,0.023153534907710445,0.020946915079093253,0.04356603437685646,0.027473056799802918,0.026650383886825633,0.027403594617954764,0.0281989196697794,0.02903981748594512,0.0,0.04850320677946117,0.02663265463600279,0.026629699982387685,0.0,0.0,0.016960927686561614,0.038823739468204596,0.018174504092300377,0.020117774165381307,0.0,0.03135898033620134,0.06271796080849082,0.0,0.0
43,0.04856225299265833,0.0,0.008093708954856513,0.009442660461821567,0.011016437216197581,0.0,0.012852510090800441,0.006900886148859088,0.00805103381407665,0.02989131515387365,0.04020363608120058,0.016316563490973296,0.0,0.016893905692634485,0.04894804341990239,0.0,0.0489258512634653,0.0,0.0,0.019127966697394937,0.019500310264560672,0.03639325121367842,0.0,0.025356098391299296,0.03240909563438766,0.022131120642737017,0.02263164623942633,0.023153535462411383,0.02094691589388092,0.04356603510445806,0.027473057704725044,0.026650384594268196,0.027403595158592673,0.028198919944707246,0.02903981740505207,0.0,0.04850320604771009,0.02663265373999435,0.026629698864857207,0.0,0.0,0.01696092689964194,0.03882373888628518,0.018174503628859445,0.020117774232472595,0.0,0.03135898107017532,0.06271796149710208,0.0,0.0
44,0.0485622527384884,0.0,0.008093708832109721,0.009442660324585806,0.011016437068222733,0.0,0.012852509937588998,0.006900886120612683,0.008051033812089197,0.02989131526645513,0.04020363580926084,0.016316563548135068,0.0,0.01689390578149721,0.048948044024093654,0.0,0.04892585133326756,0.0,0.0,0.019127966729333694,0.019500310230127105,0.0363932507138391,0.0,0.025356097966861335,0.03240909503569875,0.02213112036688683,0.02263164602444384,0.02315353535358812,0.02094691606171028,0.043566035440024124,0.02747305816288356,0.02665038517460646,0.027403595833194988,0.02819892065305605,0.029039818066772024,0.0,0.04850320644098827,0.02663265385838838,0.026629698716009405,0.0,0.0,0.01696092644209361,0.03882373838866455,0.018174503065129778,0.02011777375201939,0.0,0.03135898114296418,0.06271796178430714,0.0,0.0
45,0.04856225291327243,0.0,0.008093708789748067,0.009442660261766354,0.011016436982530655,0.0,0.012852509827234444,0.006900886027084543,0.008051033713853323,0.02989131532501548,0.04020363565833743,0.01631656349100114,0.0,0.016893905759425485,0.0489480445913291,0.0,0.048925851216011965,0.0,0.0,0.0191279668564764,0.019500310347782483,0.036393250895814404,0.0,0.025356097772784424,0.03240909454801143,0.02213112011264333,0.022631645718902187,0.023153535017954974,0.020946915791246478,0.043566035324674596,0.027473058047058657,0.026650385234922788,0.027403596036209392,0.028198921004334583,0.029039818554245908,0.0,0.04850320705332582,0.026632654361436296,0.026629699142066615,0.0,0.0,0.016960926502564342,0.03882373832527026,0.01817450290085932,0.02011777339398612,0.0,0.03135898084613331,0.06271796165468334,0.0,0.0
46,0.04856225315184522,0.0,0.008093708818878737,0.009442660283836748,0.01101643699413114,0.0,0.012852509824552915,0.00690088597687992,0.008051033648060677,0.02989131531170617,0.040203635684179354,0.016316563425254203,0.0,0.016893905702548652,0.04894804469151313,0.0,0.04892585110350425,0.0,0.0,0.019127966927794424,0.019500310443969576,0.036393251255224246,0.0,0.025356097841231794,0.03240909449925629,0.022131120070144856,0.022631645612839344,0.023153534841359295,0.020946915528382723,0.043566035088051555,0.02747305775223883,0.026650385002080036,0.02740359585579328,0.028198920908677812,0.029039818573074413,0.0,0.04850320728364666,0.026632654647173078,0.026629699501591997,0.0,0.0,0.016960926759471456,0.03882373851698657,0.018174503055222918,0.020117773377457775,0.0,0.03135898061018,0.06271796143125778,0.0,0.0
47,0.0485622532313804,0.0,0.008093708858640868,0.009442660328453992,0.011016437042426783,0.0,0.012852509874781972,0.006900885986899923,0.008051033649713242,0.029891315275046938,0.04020363577294475,0.016316563407563173,0.0,0.016893905674346718,0.04894804449194416,0.0,0.04892585108243339,0.0,0.0,0.019127966916261004,0.019500310453801968,0.03639325141345907,0.0,0.025356097979280012,0.03240909469622646,0.022131120161246055,0.022631645684971127,0.023153534879782754,0.020946915477471927,0.04356603498179672,0.02747305760667234,0.02665038481550277,0.027403595637491965,0.028198920677984286,0.029039818355870706,0.0,0.048503207151177646,0.0266326546038787,0.02662969954472754,0.0,0.0,0.016960926905401956,0.038823738677086064,0.018174503237537182,0.020117773535121786,0.0,0.031358980589946454,0.06271796134072496,0.0,0.0
48,0.04856225317282821,0.0,0.008093708871896733,0.009442660348336879,0.011016437069745878,0.0,0.012852509910150342,0.006900886017383935,0.008051033681867256,0.029891315256427225,0.04020363582103412,0.01631656342656447,0.0,0.016893905682028004,0.0489480443091556,0.0,0.04892585112120254,0.0,0.0,0.019127966874787378,0.019500310415106425,0.036393251351358485,0.0,0.025356098040737348,0.03240909485299151,0.022131120243171418,0.022631645784002258,0.023153534989197117,0.02094691556691773,0.04356603502128376,0.027473057646915836,0.02665038479865682,0.027403595574366273,0.028198920566453078,0.02903981819948667,0.0,0.0485032069525613,0.026632654439671225,0.026629699404400548,0.0,0.0,0.01696092688329731,0.03882373869535597,0.01817450328851571,0.02011777364997909,0.0,0.03135898068749773,0.06271796138466555,0.0,0.0
49,0.04856225309553848,0.0,0.008093708862138034,0.00944266034078749,0.011016437065510304,0.0,0.01285250991046795,0.006900886033354972,0.00805103370291896,0.02989131526107248,0.04020363581180961,0.01631656344781048,0.0,0.016893905700546163,0.048948044279180584,0.0,0.04892585115746603,0.0,0.0,0.019127966852064356,0.01950031038419092,0.03639325123453602,0.0,0.025356098017343332,0.03240909486652295,0.02213112025583019,0.02263164581722753,0.023153535045376837,0.020946915651683273,0.043566035098233924,0.027473057742927298,0.02665038487524802,0.027403595634495587,0.028198920599556258,0.029039818195765586,0.0,0.048503206880181345,0.02663265434858736,0.026629699288756425,0.0,0.0,0.016960926799438846,0.03882373863222628,0.018174503237120842,0.02011777365359144,0.0,0.03135898076327354,0.062717961457218,0.0,0.0
50,0.04856225307067513,0.0,0.008093708849256413,0.009442660326279419,0.011016437049744001,0.0,0.01285250989399572,0.006900886029817296,0.008051033702043126,0.029891315273007153,0.04020363578285341,0.01631656345327066,0.0,0.016893905709494415,0.048948044345064064,0.0,0.04892585116379615,0.0,0.0,0.019127966856198796,0.01950031038145183,0.036393251184502,0.0,0.025356097972460932,0.032409094801752004,0.022131120225776263,0.022631645793070566,0.023153535031910002,0.020946915667050137,0.043566035131862815,0.027473057789145782,0.026650384935213177,0.02740359570511615,0.028198920674660823,0.02903981826702406,0.0,0.048503206924735344,0.0266326543642078,0.026629699276431024,0.0,0.0,0.016960926752920855,0.038823738580733076,0.01817450317816815,0.020117773601855637,0.0,0.03135898076869967,0.06271796148575381,0.0,0.0
51,0.04856225309025605,0.0,0.008093708845112521,0.00944266031998859,0.01101643704103516,0.0,0.01285250988265916,0.006900886019879258,0.008051033691515474,0.029891315278917474,0.040203635767538534,0.016316563446952783,0.0,0.01689390570683194,0.0489480444039486,0.0,0.04892585115098215,0.0,0.0,0.01912796686972577,0.0195003103941765,0.03639325120564083,0.0,0.025356097953017933,0.03240909475138188,0.022131120199394262,0.022631645760990506,0.023153534996260293,0.020946915637494963,0.043566035118395754,0.027473057775236967,0.026650384939802596,0.027403595724708747,0.028198920710049674,0.029039818317174813,0.0,0.048503206989141616,0.02663265441779159,0.026629699322624028,0.0,0.0,0.016960926760895695,0.038823738575547065,0.018174503162382123,0.02011777356501812,0.0,0.03135898073662945,0.06271796147089877,0.0,0.0
52,0.04856225311528503,0.0,0.008093708848376008,0.009442660322561428,0.011016437042559526,0.0,0.012852509882732052,0.006900886014799238,0.008051033684779114,0.029891315277298852,0.040203635770797976,0.01631656344008498,0.0,0.01689390570080059,0.04894804441285412,0.0,0.048925851139291224,0.0,0.0,0.019127966876960445,0.01950031040410942,0.03639325124360274,0.0,0.025356097960989234,0.032409094747734006,0.022131120195657154,0.0226316457506019,0.023153534978404236,0.020946915610174144,0.04356603509338375,0.027473057743986277,0.02665038491462879,0.027403595704696845,0.028198920698649883,0.029039818317614784,0.0,0.04850320701186035,0.026632654446812905,0.026629699359811073,0.0,0.0,0.01696092678825954,0.03882373859631926,0.018174503179476394,0.020117773564411173,0.0,0.03135898071228856,0.06271796144734458,0.0,0.0
53,0.04856225312304495,0.0,0.008093708852547505,0.00944266032727684,0.011016437047703744,0.0,0.012852509888130331,0.006900886016038169,0.008051033685171375,0.029891315273410376,0.04020363578023627,0.016316563438401203,0.0,0.016893905697960027,0.048948044391120306,0.0,0.04892585113739627,0.0,0.0,0.01912796687549099,0.019500310404850965,0.03639325125941004,0.0,0.025356097975575764,0.03240909476902137,0.02213112020556597,0.022631645758682088,0.023153534983097503,0.02094691560556442,0.0435660350827511,0.027473057729325862,0.026650384895367907,0.02740359568186318,0.028198920674212338,0.029039818294253276,0.0,0.04850320699690218,0.026632654441241774,0.02662969936327246,0.0,0.0,0.01696092680308072,0.03882373861287268,0.018174503198533795,0.02011777358137957,0.0,0.031358980710888676,0.06271796143835554,0.0,0.0
54,0.048562253116506596,0.0,0.008093708853840824,0.009442660329265409,0.011016437050478216,0.0,0.012852509891762173,0.006900886019276402,0.008051033688616097,0.02989131527153304,0.04020363578510786,0.016316563440497752,0.0,0.016893905698876232,0.04894804437215882,0.0,0.04892585114162468,0.0,0.0,0.019127966871079434,0.019500310400667926,0.03639325125223465,0.0,0.025356097981720838,0.032409094785199086,0.022131120214058185,0.02263164576907068,0.023153534994709204,0.02094691561532378,0.04356603508733062,0.027473057734113744,0.02665038489416449,0.027403595675798146,0.028198920662994995,0.0290398182781808,0.0,0.04850320697602512,0.02663265442376648,0.026629699348078788,0.0,0.0,0.016960926800236066,0.03882373861431414,0.018174503203411272,0.02011777359318987,0.0,0.03135898072142213,0.06271796144336292,0.0,0.0
55,0.048562253108405395,0.0,0.008093708852751099,0.009442660328391236,0.011016437049935471,0.0,0.012852509891681841,0.006900886020891103,0.008051033690770502,0.029891315272092628,0.0402036357839632,0.01631656344271593,0.0,0.016893905700838523,0.04894804436953563,0.0,0.048925851145390165,0.0,0.0,0.01912796686877662,0.019500310397477155,0.03639325123990386,0.0,0.025356097979012178,0.032409094786142366,0.022131120215150322,0.022631645772313448,0.023153535000380573,0.02094691562412633,0.04356603509545691,0.027473057744281923,0.02665038490243437,0.027403595682452087,0.028198920666906668,0.02903981827828763,0.0,0.04850320696890431,0.02663265441452726,0.02662969933612759,0.0,0.0,0.01696092679131173,0.038823738607483296,0.018174503197732575,0.020117773593205022,0.0,0.03135898072923629,0.0627179614510042,0.0,0.0
56,0.048562253105988586,0.0,0.0080937088514009,0.009442660326859415,0.011016437048257954,0.0,0.012852509889913866,0.006900886020459941,0.008051033690608458,0.0298913152733584,0.04020363578088745,0.016316563443233213,0.0,0.016893905701738893,0.04894804437670006,0.0,0.048925851145952444,0.0,0.0,0.01912796686929405,0.019500310397283734,0.03639325123491512,0.0,0.02535609797427347,0.0324090947791504,0.02213112021188536,0.022631645769614312,0.023153534998753694,0.02094691562549981,0.04356603509881492,0.02747305774892832,0.02665038490861825,0.027403595689832257,0.02819892067485536,0.029039818285943046,0.0,0.0485032069739181,0.02663265441649751,0.026629699335179658,0.0,0.0,0.01696092678659319,0.03882373860216434,0.01817450319157498,0.02011777358764337,0.0,0.031358980729573584,0.06271796145383095,0.0,0.0
57,0.04856225310816942,0.0,0.008093708850998096,0.00944266032623158,0.011016437047374816,0.0,0.012852509888751142,0.006900886019405356,0.008051033689482012,0.02989131527395404,0.040203635779338755,0.01631656344253802,0.0,0.01689390570142458,0.04894804438280309,0.0,0.0489258511445578,0.0,0.0,0.0191279668707319,0.01950031039865776,0.036393251237344756,0.0,0.02535609797233329,0.03240909477395704,0.022131120209152793,0.022631645766251346,0.023153534994973107,0.02094691562227954,0.04356603509726141,0.027473057747286415,0.02665038490891607,0.027403595691704884,0.028198920678407874,0.029039818291091486,0.0,0.04850320698068254,0.026632654422194504,0.026629699340174378,0.0,0.0,0.01696092678759921,0.03882373860177497,0.01817450319007245,0.020117773583859258,0.0,0.031358980726116106,0.06271796145214553,0.0,0.0
58,0.04856225311079068,0.0,0.00809370885136157,0.00944266032652792,0.011016437047566515,0.0,0.012852509888795651,0.0069008860188926055,0.008051033688793497,0.029891315273761397,0.040203635779738164,0.016316563441821884,0.0,0.016893905700786364,0.0489480443835676,0.0,0.04892585114334546,0.0,0.0,0.019127966871464244,0.01950031039968213,0.03639325124134839,0.0,0.02535609797325139,0.03240909477372893,0.02213112020883746,0.02263164576524094,0.023153534993173203,0.020946915619444596,0.0435660350946221,0.027473057743979207,0.026650384906200766,0.027403595689494648,0.02819892067707024,0.029039818290976033,0.0,0.04850320698291087,0.02663265442513381,0.026629699344013547,0.0,0.0,0.01696092679050857,0.03882373860401999,0.018174503191957174,0.020117773583913375,0.0,0.03135898072360903,0.06271796144966735,0.0,0.0
59,0.0485622531115419,0.0,0.008093708851798446,0.009442660327025374,0.011016437048113361,0.0,0.012852509889374447,0.006900886019041942,0.008051033688857376,0.02989131527334958,0.040203635780740085,0.016316563441663552,0.0,0.016893905700501255,0.04894804438120738,0.0,0.048925851143180155,0.0,0.0,0.019127966871283236,0.019500310399729548,0.03639325124292101,0.0,0.025356097974790243,0.03240909477602421,0.02213112020991251,0.02263164576614138,0.023153534993734515,0.02094691561903865,0.043566035093562654,0.027473057742507866,0.02665038490421625,0.027403595687110135,0.02819892067448575,0.02903981828846859,0.0,0.04850320698123271,0.02663265442444209,0.026629699344264263,0.0,0.0,0.016960926792009702,0.03882373860572833,0.018174503193945986,0.020117773585735445,0.0,0.0313589807235377,0.06271796144877959,0.0,0.0
60,0.04856225311081535,0.0,0.00809370885192365,0.009442660327223391,0.011016437048394287,0.0,0.012852509889746514,0.006900886019385271,0.008051033689225594,0.029891315273160805,0.040203635781232094,0.016316563441893903,0.0,0.016893905700608756,0.04894804437924384,0.0,0.048925851143639884,0.0,0.0,0.0191279668708148,0.01950031039927846,0.03639325124210009,0.0,0.025356097975402146,0.03240909477769058,0.022131120210791375,0.022631645767229584,0.02315353499496489,0.020946915620100474,0.04356603509408838,0.027473057743068983,0.026650384904149595,0.027403595686533548,0.028198920673361674,0.029039818286820215,0.0,0.04850320697904174,0.026632654422585573,0.02662969934262321,0.0,0.0,0.01696092679165651,0.03882373860582929,0.018174503194407395,0.020117773586947284,0.0,0.031358980724672095,0.06271796144934591,0.0,0.0
61,0.048562253109967514,0.0,0.008093708851802557,0.009442660327123166,0.011016437048327063,0.0,0.01285250988972611,0.006900886019547973,0.008051033689445519,0.029891315273226908,0.04020363578109351,0.016316563442125044,0.0,0.016893905700816277,0.048948044379023926,0.0,0.04892585114403009,0.0,0.0,0.019127966870582082,0.019500310398949755,0.036393251240800645,0.0,0.025356097975091668,0.03240909477773933,0.02213112021088101,0.022631645767543777,0.02315353499553563,0.020946915621013095,0.04356603509494525,0.027473057744144214,0.026650384905040615,0.027403595687266982,0.028198920673817643,0.029039818286883776,0.0,0.04850320697834557,0.02663265442165113,0.026629699341390457,0.0,0.0,0.01696092679070842,0.03882373860509187,0.01817450319378243,0.020117773586910616,0.0,0.031358980725476125,0.06271796145014936,0.0,0.0
62,0.04856225310973452,0.0,0.008093708851661252,0.009442660326961679,0.011016437048148872,0.0,0.012852509889536717,0.006900886019496483,0.008051033689421144,0.02989131527336086,0.04020363578076728,0.016316563442173335,0.0,0.01689390570090649,0.04894804437980095,0.0,0.04892585114407819,0.0,0.0,0.01912796687064505,0.01950031039893935,0.03639325124030548,0.0,0.02535609797459213,0.032409094776986246,0.022131120210527246,0.022631645767243733,0.023153534995342735,0.020946915621131903,0.043566035095279135,0.02747305774460968,0.02665038490567716,0.027403595688037095,0.02819892067465763,0.029039818287704633,0.0,0.04850320697890648,0.02663265442189243,0.026629699341327515,0.0,0.0,0.016960926790231194,0.03882373860454344,0.01817450319314031,0.02011777358631396,0.0,0.03135898072548695,0.06271796145042782,0.0,0.0
63,0.048562253109976285,0.0,0.00809370885162242,0.009442660326899294,0.011016437048059574,0.0,0.01285250988941772,0.006900886019384753,0.008051033689300834,0.029891315273420642,0.040203635780611105,0.01631656344209708,0.0,0.01689390570086985,0.048948044380432404,0.0,0.04892585114392675,0.0,0.0,0.019127966870797604,0.019500310399087367,0.03639325124058227,0.0,0.025356097974399364,0.03240909477645182,0.022131120210244708,0.02263164576689174,0.023153534994942472,0.020946915620782013,0.0435660350951016,0.027473057744418494,0.02665038490568907,0.027403595688214055,0.028198920675012947,0.0290398182882321,0.0,0.048503206979615854,0.026632654422497168,0.026629699341866375,0.0,0.0,0.0169609267903544,0.038823738604518904,0.018174503192999097,0.02011777358592607,0.0,0.03135898072511496,0.06271796145023786,0.0,0.0
64,0.048562253110250406,0.0,0.008093708851662714,0.009442660326933118,0.011016437048083,0.0,0.012852509889426262,0.006900886019333168,0.008051033689230627,0.029891315273398042,0.04020363578065897,0.016316563442022508,0.0,0.0168939057008024,0.04894804438049463,0.0,0.04892585114380121,0.0,0.0,0.0191279668708715,0.019500310399192793,0.03639325124100387,0.0,0.025356097974504135,0.03240909477644418,0.022131120210219735,0.022631645766794252,0.02315353499476165,0.02094691562048835,0.04356603509482351,0.02747305774406906,0.026650384905396837,0.027403595687970895,0.028198920674857946,0.029039818288203026,0.0,0.04850320697983296,0.026632654422794003,0.026629699342262017,0.0,0.0,0.01696092679066323,0.03882373860476099,0.01817450319320614,0.02011777358594414,0.0,0.031358980724857224,0.06271796144997747,0.0,0.0
65,0.04856225311032249,0.0,0.0080937088517084,0.009442660326985519,0.011016437048141038,0.0,0.012852509889488205,0.006900886019350849,0.00805103368923971,0.029891315273354487,0.04020363578076515,0.016316563442007843,0.0,0.016893905700773884,0.04894804438023897,0.0,0.048925851143787405,0.0,0.0,0.019127966870849708,0.019500310399194556,0.03639325124115958,0.0,0.02535609797466623,0.032409094776691134,0.02213112021033608,0.022631645766894117,0.023153534994827696,0.02094691562045399,0.043566035094718424,0.027473057743921944,0.02665038490519276,0.027403595687722278,0.02819892067458505,0.02903981828793443,0.0,0.04850320697964571,0.026632654422710275,0.02662969934227647,0.0,0.0,0.016960926790814828,0.038823738604936965,0.01817450319341337,0.020117773586139417,0.0,0.031358980724857696,0.06271796144989027,0.0,0.0
66,0.04856225311024211,0.0,0.008093708851720414,0.009442660327005147,0.0110164370481694,0.0,0.012852509889526239,0.006900886019387193,0.008051033689279001,0.029891315273335564,0.04020363578081467,0.016316563442033066,0.0,0.01689390570078634,0.048948044380035985,0.0,0.048925851143837254,0.0,0.0,0.01912796687080004,0.019500310399146015,0.036393251241066425,0.0,0.025356097974726877,0.03240909477686244,0.022131120210426868,0.022631645767007928,0.023153534994957856,0.02094691562056921,0.043566035094778244,0.02747305774398691,0.02665038490519204,0.027403595687668154,0.028198920674472848,0.029039818287765737,0.0,0.048503206979416125,0.02663265442251337,0.026629699342099623,0.0,0.0,0.016960926790772074,0.03882373860494225,0.018174503193456423,0.020117773586263505,0.0,0.03135898072497961,0.06271796144995388,0.0,0.0
67,0.04856225311015352,0.0,0.008093708851707017,0.009442660326993754,0.011016437048161278,0.0,0.012852509889522844,0.006900886019403534,0.0080510336893014,0.02989131527334327,0.040203635780798205,0.01631656344205711,0.0,0.01689390570080825,0.04894804438001876,0.0,0.048925851143877624,0.0,0.0,0.019127966870776593,0.019500310399112212,0.036393251240929694,0.0,0.025356097974691592,0.03240909477686227,0.022131120210433633,0.022631645767038105,0.023153534995015088,0.020946915620663663,0.043566035094868456,0.027473057744100426,0.026650384905287837,0.027403595687748694,0.0281989206745254,0.0290398182877779,0.0,0.048503206979348554,0.026632654422419147,0.026629699341972703,0.0,0.0,0.01696092679067152,0.03882373860486282,0.018174503193387887,0.020117773586255647,0.0,0.031358980725062185,0.06271796145003823,0.0,0.0
68,0.04856225311013127,0.0,0.008093708851692253,0.009442660326976755,0.011016437048142381,0.0,0.012852509889502595,0.006900886019397481,0.008051033689298069,0.02989131527335742,0.040203635780763664,0.01631656344206154,0.0,0.016893905700817252,0.04894804438010282,0.0,0.04892585114388151,0.0,0.0,0.019127966870784104,0.01950031039911216,0.03639325124088079,0.0,0.02535609797463901,0.032409094776781326,0.022131120210395393,0.0226316457670049,0.02315353499499255,0.020946915620673447,0.04356603509490149,0.027473057744146868,0.02665038490535323,0.02740359568782893,0.028198920674614027,0.029039818287865744,0.0,0.048503206979410976,0.02663265442244806,0.026629699341969945,0.0,0.0,0.016960926790623398,0.038823738604806375,0.01817450319332103,0.020117773586191764,0.0,0.03135898072506074,0.0627179614500655,0.0,0.0
69,0.048562253110157966,0.0,0.008093708851688544,0.009442660326970586,0.011016437048133378,0.0,0.012852509889490441,0.006900886019385663,0.008051033689285243,0.029891315273363396,0.04020363578074796,0.016316563442053206,0.0,0.01689390570081303,0.04894804438016803,0.0,0.048925851143865114,0.0,0.0,0.01912796687080026,0.01950031039912807,0.03639325124091208,0.0,0.02535609797461995,0.03240909477672644,0.02213112021036623,0.022631645766968113,0.023153534994950237,0.02094691562063553,0.04356603509488136,0.02747305774412485,0.026650384905352438,0.027403595687845415,0.02819892067464942,0.029039818287919666,0.0,0.04850320697948525,0.02663265442251215,0.026629699342027954,0.0,0.0,0.016960926790638164,0.03882373860480553,0.01817450319330796,0.020117773586152087,0.0,0.0313589807250208,0.06271796145004421,0.0,0.0
